INSERT INTO faculties (faculty_id, faculty_name)
VALUES (1, 'Факультет інженерії'),
       (2, 'Факульте природничих наук');

INSERT INTO departments (department_id, department_name, faculty_id)
VALUES (1, 'Компютерна наука', 1),
       (2, 'Фізика', 2);

INSERT INTO groups (group_id, group_name, department_id)
VALUES (1, 'KH-2-1', 1),
       (2, 'KH-4-1', 2);

INSERT INTO students (student_id, first_name, last_name, middle_name, address, group_id)
VALUES (4, 'Артур', 'Коваленко', 'Вікторович', '99349, Полтавська область, м. Полтава, пров. Волкова, 08', 2),
       (1, 'Василь', 'Петренко', 'Петрович', '19348, Львівська область, м. Львів, просп. Космонавта Попова, 17', 2),
       (3, 'Віктор', 'Ларін', 'Сергійович', '40241, Запорізька область, м. Запоріжжя, просп. Тараса Шевченка, 09', 2),
       (5, 'Денис', 'Коровін', 'Віталійович', '46975, Кіровоградська область, м. Кропивницький, пров. Генерала Жадова, 14', 2),
       (7, 'Ксенія', 'Мякушко', 'Павлівна', '78099, Сумська область, м. Суми, просп. Пацаєва, 88', 2),
       (9, 'Максим', 'Приходько', 'Віталійович', '60000, Полтавська область, м. Полтава, пл. Лесі Українки, 64', 2),
       (6, 'Назар', 'Лісогор', 'Степанович', '13878, Запорізька область, м. Запоріжжя, пров. Волкова, 66', 2),
       (8, 'Наталія', 'Олійник', 'Андріївна', '46975, Кіровоградська область, м. Кропивницький, пров. Генерала Жадова, 14', 2),
       (10, 'Світлана', 'Васильєва', 'Петрівна', '96426, Одеська область, м. Одеса, просп. Михайла Грушевського, 69', 2),
       (2, 'Степан', 'Майстренко', 'Сергійович', '19348, Львівська область, м. Львів, просп. Космонавта Попова, 17', 2),
       (11, 'Олександр', 'Гончаренко', 'Ігорович', '50000, Дніпропетровська область, м. Дніпро, вул. Січових Стрільців, 12', 2),
       (12, 'Ірина', 'Шевченко', 'Михайлівна', '61000, Харківська область, м. Харків, вул. Героїв Праці, 45', 1),
       (13, 'Богдан', 'Романюк', 'Олександрович', '33000, Рівненська область, м. Рівне, вул. Соборна, 101', 1),
       (14, 'Ольга', 'Кравченко', 'Володимирівна', '76000, Івано-Франківська область, м. Івано-Франківськ, вул. Незалежності, 55', 2),
       (15, 'Андрій', 'Мельник', 'Юрійович', '79000, Львівська область, м. Львів, вул. Городоцька, 200', 1);
